,Conference,Year,Title,PaperType,Link
0,Tobacco Control,2019,"Is blue the new green? Repackaging menthol cigarettes in response to a flavour ban in Ontario, Canada",Brief Report,http://dx.doi.org/10.1136/tobaccocontrol-2018-054454
1,Nicotine & Tobacco Research,2020,"Prescribing Prevalence, Effectiveness, and Mental Health Safety of Smoking Cessation Medicines in Patients With Mental Disorders",article,http://dx.doi.org/10.1093/ntr/ntz072
2,Nicotine & Tobacco Research,2021,Trends in Social Norms Towards Smoking Between 2002 and 2015 Among Daily Smokers: Findings From the International Tobacco Control Four Country Survey (ITC 4C),article,http://dx.doi.org/10.1093/ntr/ntz179
3,Nicotine & Tobacco Research,2020,Holistic Approach to Human Rights and the Tobacco Epidemic,article,http://dx.doi.org/10.1093/ntr/ntz104
4,Nicotine & Tobacco Research,2021,Rescuing Vapers Versus Rescuing Smokers: The Ethics,article,http://dx.doi.org/10.1093/ntr/ntaa157
5,Nicotine & Tobacco Research,2020,Support for E-cigarette and Tobacco Control Policies Among Parents of Adolescents,article,http://dx.doi.org/10.1093/ntr/ntz222
6,Tobacco Control,2018,"Market-level exposure to state antismoking media campaigns and public support for tobacco control policy in the United States, 2001–2002",Other,http://dx.doi.org/10.1136/tobaccocontrol-2016-053506
7,Nicotine & Tobacco Research,2016,Adolescents’ and Young Adults’ Knowledge and Beliefs About Constituents in Novel Tobacco Products,article,http://dx.doi.org/10.1093/ntr/ntw009
8,Nicotine & Tobacco Research,2015,Maternal Smokeless Tobacco Use in Pregnancy and Adverse Health Outcomes in Newborns: A Systematic Review,article,http://dx.doi.org/10.1093/ntr/ntu255
9,Nicotine & Tobacco Research,2020,Changes in Nicotine Metabolite Ratio Among Daily Smokers Receiving Treatment for Alcohol Use Disorder,article,http://dx.doi.org/10.1093/ntr/nty265
10,Tobacco Prevention & Cessation,2019,Prevalence and correlates of prior experimentation with e-cigarettes over conventional cigarettes among adolescents: Findings from the 2015 Korea Youth Risk Behaviour Web-based Survey,RESEARCH PAPER,http://dx.doi.org/10.18332/tpc/112595
11,Tobacco Control,2018,Global evidence on the effect of point-of-sale display bans on smoking prevalence,Other,http://dx.doi.org/10.1136/tobaccocontrol-2017-053996
12,Tobacco Control,2015,Perceived acceptability of female smoking in China,Research Article,http://dx.doi.org/10.1136/tobaccocontrol-2015-052380
13,Nicotine & Tobacco Research,2015,Revised Size of Pictorial Warning on Cigarette Packages—A Step in Right Direction,article,http://dx.doi.org/10.1093/ntr/ntv023
14,Tobacco Control,2015,Differential trends in cigarette smoking in the USA: is menthol slowing progress?,Research Article,http://dx.doi.org/10.1136/tobaccocontrol-2013-051159
15,Nicotine & Tobacco Research,2018,"Trends and Racial Disparities in Mono, Dual, and Poly Use of Tobacco Products Among Youth",article,http://dx.doi.org/10.1093/ntr/nty051
16,Tobacco Control,2019,From glass boxes to social media engagement: an audit of tobacco retail marketing in Indonesia,Research Article,http://dx.doi.org/10.1136/tobaccocontrol-2018-054833
17,Tobacco Control,2019,Secondhand smoke exposure during pregnancy: a cross-sectional analysis of data from Demographic and Health Survey from 30 low-income and middle-income countries,Other,http://dx.doi.org/10.1136/tobaccocontrol-2018-054288
18,Tobacco Induced Diseases,2019,The state of smokeless tobacco cessation in a context lacking cessation services: Evidence from Ethiopia,RESEARCH PAPER,http://dx.doi.org/10.18332/tid/112668
19,Nicotine & Tobacco Research,2017,"Measuring PM2.5, Ultrafine Particles, Nicotine Air and Wipe Samples Following the Use of Electronic Cigarettes",article,http://dx.doi.org/10.1093/ntr/ntx058
20,Nicotine & Tobacco Research,2016,Nicotine Enhances Footshock- and Lithium Chloride-Conditioned Place Avoidance in Male Rats,article,http://dx.doi.org/10.1093/ntr/ntw098
21,Nicotine & Tobacco Research,2015,Assessing Preferences for a University-Based Smoking Cessation Program in Lebanon: A Discrete Choice Experiment,article,http://dx.doi.org/10.1093/ntr/ntu188
22,Nicotine & Tobacco Research,2018,Infrequent and Frequent Nondaily Smokers and Daily Smokers: Their Characteristics and Other Tobacco Use Patterns,article,http://dx.doi.org/10.1093/ntr/ntx038
23,Nicotine & Tobacco Research,2020,Prospective and Daily Effects of Cannabis Use on Smoking Outcomes During a Self-Guided Quit Attempt,article,http://dx.doi.org/10.1093/ntr/ntaa083
24,Nicotine & Tobacco Research,2015,Children Learning About Second-Hand Smoking: A Feasibility Cluster Randomized Controlled Trial,article,http://dx.doi.org/10.1093/ntr/ntv015
25,Tobacco Prevention & Cessation,2020,Social responsibility during the COVID-19 pandemic: Tobacco industry’s trojan horse in Europe,INDUSTRY MONITORING LETTERS,http://dx.doi.org/10.18332/tpc/123244
26,Nicotine & Tobacco Research,2019,Health Care Provider Intervention and Utilization of Cessation Assistance in 12 Low- and Middle-Income Countries,article,http://dx.doi.org/10.1093/ntr/nty028
27,Nicotine & Tobacco Research,2018,"Situational and Demographic Factors in the Sudden Growth of Pall Mall, 2002–2014",article,http://dx.doi.org/10.1093/ntr/ntx140
28,Nicotine & Tobacco Research,2019,Cost-Effectiveness Analysis of Stop Smoking Interventions in Substance-Use Disorder Populations,article,http://dx.doi.org/10.1093/ntr/nty087
29,Nicotine & Tobacco Research,2019,Dose-Dependent Effect of Cotinine-Verified Tobacco Smoking on Serum Immunoglobulin E Levels in Korean Adult Males,article,http://dx.doi.org/10.1093/ntr/ntx247
30,Nicotine & Tobacco Research,2016,Difference a Decade Makes: Smoking Cessation Counseling and Screening at Pediatric Visits,article,http://dx.doi.org/10.1093/ntr/ntw146
31,Nicotine & Tobacco Research,2020,Smoking Decisions: Altered Reinforcement Learning Signals Induced by Nicotine State,article,http://dx.doi.org/10.1093/ntr/nty136
32,Nicotine & Tobacco Research,2019,Magnitude and Chronicity of Environmental Smoke Exposure Across Infancy and Early Childhood in a Sample of Low-Income Children,article,http://dx.doi.org/10.1093/ntr/nty228
33,Tobacco Control,2019,"Prevalence and characteristics of tobacco purchases in convenience stores: results of a postpurchase intercept survey in Dunedin, New Zealand",Brief Report,http://dx.doi.org/10.1136/tobaccocontrol-2018-054643
34,Nicotine & Tobacco Research,2020,Smoking Cessation During the COVID-19 Epidemic,article,http://dx.doi.org/10.1093/ntr/ntaa075
35,Tobacco Control,2019,Prevalence and correlates of JUUL use among a national sample of youth and young adults,Research Article,http://dx.doi.org/10.1136/tobaccocontrol-2018-054693
36,Tobacco Prevention & Cessation,2020,"Tobacco use patterns and predictors among college students in Mangalore, South India: Findings from the Global Adult Tobacco Survey",RESEARCH PAPER,http://dx.doi.org/10.18332/tpc/127375
37,Nicotine & Tobacco Research,2016,"Predictors of Cigarette Smoking Progression Among a School-Based Sample of Adolescents in Irbid, Jordan: A Longitudinal Study (2008–2011)",article,http://dx.doi.org/10.1093/ntr/ntv100
38,Tobacco Prevention & Cessation,2020,How can vulnerable groups be recruited to participate in a community-based smoking cessation program and perceptions of effective elements: A qualitative study among participants and professionals,RESEARCH PAPER,http://dx.doi.org/10.18332/tpc/128269
39,Tobacco Induced Diseases,2020,Impact of tobacco control auxiliary resources on the 5As behavior in nursing interns: Self-reports from students,RESEARCH PAPER,http://dx.doi.org/10.18332/tid/125231
40,Nicotine & Tobacco Research,2019,Smoking and HIV in Sub-Saharan Africa: A 25-Country Analysis of the Demographic Health Surveys,article,http://dx.doi.org/10.1093/ntr/nty176
41,Tobacco Control,2017,"Die Another Day, James Bond's smoking over six decades",Other,http://dx.doi.org/10.1136/tobaccocontrol-2016-053426
42,Tobacco Control,2015,"Portrayal of tobacco use in prime-time TV dramas: trends and associations with adult cigarette consumption—USA, 1955–2010",Research Article,http://dx.doi.org/10.1136/tobaccocontrol-2012-050896
43,Tobacco Control,2018,Impact of modified risk tobacco product claims on beliefs of US adults and adolescents,Research Article,http://dx.doi.org/10.1136/tobaccocontrol-2018-054315
44,Nicotine & Tobacco Research,2019,Latent Class Analysis of E-cigarette Use Sessions in Their Natural Environments,article,http://dx.doi.org/10.1093/ntr/nty164
45,Tobacco Induced Diseases,2018,"Electronic, heat-not-burn, and combustible cigarette use among chronic disease patients in Japan: A cross-sectional study",RESEARCH PAPER,http://dx.doi.org/10.18332/tid/94455
46,Nicotine & Tobacco Research,2019,Novel Mineral–Vitamin Treatment for Reduction in Cigarette Smoking: A Fully Blinded Randomized Placebo-Controlled Trial,article,http://dx.doi.org/10.1093/ntr/nty168
47,Nicotine & Tobacco Research,2019,Experimental Feasibility Study of a Hybrid Telephone Counseling/Text Messaging Intervention for Post-Discharge Cessation Support Among Hospitalized Smokers in Brazil,article,http://dx.doi.org/10.1093/ntr/nty165
48,Nicotine & Tobacco Research,2020,Acute Impact of Hatha Yoga on Craving Among Smokers Attempting to Reduce or Quit,article,http://dx.doi.org/10.1093/ntr/nty263
49,Tobacco Control,2019,Impact of adding and removing warning label messages from cigarette packages on adult smokers’ awareness about the health harms of smoking: findings from the ITC Canada Survey,Research Article,http://dx.doi.org/10.1136/tobaccocontrol-2018-054885
50,Nicotine & Tobacco Research,2018,Smoking and Mortality in Eastern Europe: Results From the PrivMort Retrospective Cohort Study of 177 376 Individuals,article,http://dx.doi.org/10.1093/ntr/ntx122
51,Tobacco Control,2016,"Assessing tobacco marketing receptivity among youth: integrating point of sale marketing, cigarette package branding and branded merchandise",Research Article,http://dx.doi.org/10.1136/tobaccocontrol-2015-052498
52,Nicotine & Tobacco Research,2015,Declining Prevalence of Tobacco Smoking in Vietnam,article,http://dx.doi.org/10.1093/ntr/ntu202
53,Nicotine & Tobacco Research,2015,"Cigarette Users’ Interest in Using or Switching to Electronic Nicotine Delivery Systems for Smokeless Tobacco for Harm Reduction, Cessation, or Novelty: A Cross-Sectional Survey of US Adults",article,http://dx.doi.org/10.1093/ntr/ntu103
54,Nicotine & Tobacco Research,2017,Depressive Symptoms Predict Current E-Cigarette Use Among College Students in Texas,article,http://dx.doi.org/10.1093/ntr/ntx014
55,Tobacco Induced Diseases,2020,"Age-varying associations between e-cigarette use and peer use, household use, and exposure to e-cigarette commercials among alternative high school students in Southern California",RESEARCH PAPER,http://dx.doi.org/10.18332/tid/116412
56,Nicotine & Tobacco Research,2016,"“Direct Dripping”: A High-Temperature, High-Formaldehyde Emission Electronic Cigarette Use Method",article,http://dx.doi.org/10.1093/ntr/ntv080
57,Tobacco Control,2015,"An evaluation of usage patterns, effectiveness and cost of the national smoking cessation quitline in Thailand",Research Article,http://dx.doi.org/10.1136/tobaccocontrol-2013-051520
58,Tobacco Induced Diseases,2020,Exposure to secondhand smoke among school-going adolescents in Malaysia: Findings from the tobacco and e-cigarettes survey among Malaysian adolescents (TECMA),RESEARCH PAPER,http://dx.doi.org/10.18332/tid/128622
59,Tobacco Control,2020,Exposure to tobacco marketing in bars predicts subsequent use of multiple tobacco products among non-tobacco-using college students,Research Article,http://dx.doi.org/10.1136/tobaccocontrol-2019-055195
60,Nicotine & Tobacco Research,2016,Systematic Review and Meta-analysis of the Association Between Exposure to Environmental Tobacco Smoke and Periodontitis Endpoints Among Nonsmokers,article,http://dx.doi.org/10.1093/ntr/ntw105
61,Nicotine & Tobacco Research,2018,Evidence of the Impact of the truth FinishIt Campaign,article,http://dx.doi.org/10.1093/ntr/ntx119
62,Tobacco Control,2015,Has the introduction of plain packaging with larger graphic health warnings changed adolescents’ perceptions of cigarette packs and brands?,Research Article,http://dx.doi.org/10.1136/tobaccocontrol-2014-052084
63,Nicotine & Tobacco Research,2016,Systematic Review of Smoking Cessation Interventions for Adults in Substance Abuse Treatment or Recovery,article,http://dx.doi.org/10.1093/ntr/ntv127
64,Nicotine & Tobacco Research,2019,Widespread Belief That Organic and Additive-Free Tobacco Products are Less Harmful Than Regular Tobacco Products: Results From the 2017 US Health Information National Trends Survey,article,http://dx.doi.org/10.1093/ntr/ntz015
65,Tobacco Control,2017,Use of electronic cigarettes in smoke-free environments,Research Article,http://dx.doi.org/10.1136/tobaccocontrol-2016-053118
66,Nicotine & Tobacco Research,2017,"Analysis of State-Specific Prevalence, Regional Differences, and Correlates of Hookah Use in U.S. Adults, 2012–2013",article,http://dx.doi.org/10.1093/ntr/ntw229
67,Nicotine & Tobacco Research,2017,Is the Effect of Anhedonia on Smoking Cessation Greater for Women Versus Men?,article,http://dx.doi.org/10.1093/ntr/ntw148
68,Nicotine & Tobacco Research,2015,Response to Transdermal Selegiline Smoking Cessation Therapy and Markers in the 15q24 Chromosomal Region,article,http://dx.doi.org/10.1093/ntr/ntu273
69,Tobacco Control,2015,A comparison of alternative methods for measuring cigarette prices,Research Article,http://dx.doi.org/10.1136/tobaccocontrol-2013-051320
70,Nicotine & Tobacco Research,2016,"Smoking, Systolic Blood Pressure, Fasting Plasma Glucose and Progression of Carotid Atherosclerosis",article,http://dx.doi.org/10.1093/ntr/ntw020
71,Nicotine & Tobacco Research,2018,"Biomarkers for Tobacco Exposures, Toxicology, Regulation, and Cessation",article,http://dx.doi.org/10.1093/ntr/nty004
72,Tobacco Control,2017,Support for e-cigarette policies: a survey of smokers and ex-smokers in Great Britain,Research Article,http://dx.doi.org/10.1136/tobaccocontrol-2016-052987
73,Tobacco Control,2017,"Association of metals (Cd, Fe, As, Ni, Cu, Zn and Mn) with cigarette butts in northern part of the Persian Gulf",Research Article,http://dx.doi.org/10.1136/tobaccocontrol-2016-052931
74,Tobacco Control,2019,"Tax harmonisation and tobacco product prices in the European Union, 2004–2015",Other,http://dx.doi.org/10.1136/tobaccocontrol-2018-054342
75,Tobacco Induced Diseases,2020,Inhibiting DNA methylation alleviates cigarette smoke extract-induced dysregulation of Bcl-2 and endothelial apoptosis,RESEARCH PAPER,http://dx.doi.org/10.18332/tid/119163
76,Tobacco Control,2015,"Smokeless tobacco products sold in Massachusetts from 2003 to 2012: trends and variations in brand availability, nicotine contents and design features",Research Article,http://dx.doi.org/10.1136/tobaccocontrol-2013-051225
77,Tobacco Control,2015,Determinants and prevalence of e-cigarette use throughout the European Union: a secondary analysis of 26 566 youth and adults from 27 Countries,Research Article,http://dx.doi.org/10.1136/tobaccocontrol-2013-051394
78,Nicotine & Tobacco Research,2016,Smoking Behaviors and Attitudes Among Clients and Staff at New York Addiction Treatment Programs Following a Smoking Ban: Findings After 5 Years,article,http://dx.doi.org/10.1093/ntr/ntv116
79,Nicotine & Tobacco Research,2015,"Gradual Reduction of Cigarette Consumption as a Cessation Strategy: Prevalence, Correlates, and Relationship With Quitting",article,http://dx.doi.org/10.1093/ntr/ntu172
80,Tobacco Control,2015,A gift and a burden: the purchase and distribution of duty-free tobacco and its potential impact upon Pacific people in New Zealand,Research Article,http://dx.doi.org/10.1136/tobaccocontrol-2013-051345
81,Tobacco Induced Diseases,2018,Harm perceptions of waterpipe tobacco smoking among university students in five Eastern Mediterranean Region countries: A cross-sectional study,RESEARCH PAPER,http://dx.doi.org/10.18332/tid/89966
82,Tobacco Control,2020,Higher negative emotions in response to cigarette pictorial warning labels predict higher quit intentions among smokers,Research Article,http://dx.doi.org/10.1136/tobaccocontrol-2019-055116
83,Tobacco Prevention & Cessation,2018,A novel and remote biochemical verification method of smoking abstinence: Predictors of participant compliance,SHORT REPORT,http://dx.doi.org/10.18332/tpc/90649
84,Nicotine & Tobacco Research,2018,Nicotine Sales to Minors: Store-Level Comparison of E-Cigarette Versus Cigarette Violation Rates,article,http://dx.doi.org/10.1093/ntr/ntx065
85,Nicotine & Tobacco Research,2015,Sex Differences in Acute Relief of Abstinence-Induced Withdrawal and Negative Affect due to Nicotine Content in Cigarettes,article,http://dx.doi.org/10.1093/ntr/ntu150
86,Nicotine & Tobacco Research,2019,Distress Intolerance and Smoking Topography in the Context of a Biological Challenge,article,http://dx.doi.org/10.1093/ntr/nty167
87,Tobacco Control,2016,Smoke-free legislation reduces hospital admissions for childhood lower respiratory tract infection,Research Article,http://dx.doi.org/10.1136/tobaccocontrol-2015-052541
88,Tobacco Control,2015,"The use of legal, illegal and roll-your-own cigarettes to increasing tobacco excise taxes and comprehensive tobacco control policies: findings from the ITC Uruguay Survey",Research Article,http://dx.doi.org/10.1136/tobaccocontrol-2014-051890
89,Tobacco Prevention & Cessation,2020,Building capacity in tobacco control by establishing the Eastern Europe Nurses’ Center of Excellence for Tobacco Control,RESEARCH PAPER,http://dx.doi.org/10.18332/tpc/128190
90,Nicotine & Tobacco Research,2015,"E-Cigarette Market Trends in Traditional U.S. Retail Channels, 2012–2013",article,http://dx.doi.org/10.1093/ntr/ntu282
91,Nicotine & Tobacco Research,2020,Bayesian Inference: Understanding Experimental Data With Informative Hypotheses,article,http://dx.doi.org/10.1093/ntr/ntaa120
92,Tobacco Control,2019,Salivary cotinine concentration and carbon monoxide levels in young adults smoking midwakh in comparison with cigarette smokers,Research Article,http://dx.doi.org/10.1136/tobaccocontrol-2017-054202
93,Tobacco Control,2020,Evidence that an intervention weakens the relationship between adolescent electronic cigarette use and tobacco smoking: a 24-month prospective study,Research Article,http://dx.doi.org/10.1136/tobaccocontrol-2018-054905
94,Tobacco Control,2015,Effectiveness of a national reimbursement policy and accompanying media attention on use of cessation treatment and on smoking cessation: a real-world study in the Netherlands,Research Article,http://dx.doi.org/10.1136/tobaccocontrol-2013-051430
95,Nicotine & Tobacco Research,2020,Beliefs and Self-reported Practices of Health Care Professionals Regarding Electronic Nicotine Delivery Systems: A Mixed-Methods Systematic Review and Synthesis,article,http://dx.doi.org/10.1093/ntr/ntz046
96,Nicotine & Tobacco Research,2019,"Quitting Failure and Success With and Without Using Medication: Latent Classes of Abstinence and Adherence to Nicotine Monotherapy, Combination Therapy, and Varenicline",article,http://dx.doi.org/10.1093/ntr/nty157
97,Nicotine & Tobacco Research,2020,Characterization of Nicotine Salts in 23 Electronic Cigarette Refill Liquids,article,http://dx.doi.org/10.1093/ntr/ntz232
98,Tobacco Control,2016,Flavourings significantly affect inhalation toxicity of aerosol generated from electronic nicotine delivery systems (ENDS),Research Article,http://dx.doi.org/10.1136/tobaccocontrol-2016-053205
99,Nicotine & Tobacco Research,2015,"Trends in Use of Little Cigars or Cigarillos and Cigarettes among U.S. Smokers, 2002–2011",article,http://dx.doi.org/10.1093/ntr/ntu179
100,Nicotine & Tobacco Research,2020,Predictors of Smoking Cessation Attempts and Success Following Motivation-Phase Interventions Among People Initially Unwilling to Quit Smoking,article,http://dx.doi.org/10.1093/ntr/ntaa051
101,Tobacco Induced Diseases,2018,Tobacco company strategies for maintaining cigarette advertisements and displays in retail chain stores: In-depth interviews with Korean convenience store owners,RESEARCH PAPER,http://dx.doi.org/10.18332/tid/94829
102,Nicotine & Tobacco Research,2020,"Changing the Language of How We Measure and Report Smoking Status: Implications for Reducing Stigma, Restoring Dignity, and Improving the Precision of Scientific Communication",article,http://dx.doi.org/10.1093/ntr/ntaa141
103,Tobacco Control,2018,Effect of message congruency on attention and recall in pictorial health warning labels,Other,http://dx.doi.org/10.1136/tobaccocontrol-2016-053615
104,Nicotine & Tobacco Research,2015,"Effects of User Puff Topography, Device Voltage, and Liquid Nicotine Concentration on Electronic Cigarette Nicotine Yield: Measurements and Model Predictions",article,http://dx.doi.org/10.1093/ntr/ntu174
105,Nicotine & Tobacco Research,2018,Substantial Toxic Effect of Water-Pipe Smoking on the Early Stage of Embryonic Development,article,http://dx.doi.org/10.1093/ntr/ntx135
106,Tobacco Prevention & Cessation,2020,Bacterial contamination of packaged smokeless tobacco sold in India,RESEARCH PAPER,http://dx.doi.org/10.18332/tpc/115064
107,Nicotine & Tobacco Research,2020,Withdrawal Symptoms From E-Cigarette Abstinence Among Former Smokers: A Pre–Post Clinical Trial,article,http://dx.doi.org/10.1093/ntr/ntz129
108,Nicotine & Tobacco Research,2019,Enhanced Sensory–Cognitive Processing by Activation of Nicotinic Acetylcholine Receptors,article,http://dx.doi.org/10.1093/ntr/nty134
109,Nicotine & Tobacco Research,2015,"Functional Characterization of AT-1001, an α3β4 Nicotinic Acetylcholine Receptor Ligand, at Human α3β4 and α4β2 nAChR",article,http://dx.doi.org/10.1093/ntr/ntu170
110,Tobacco Control,2018,Factual text and emotional pictures: overcoming a false dichotomy of cigarette warning labels,Other,http://dx.doi.org/10.1136/tobaccocontrol-2016-053563
111,Nicotine & Tobacco Research,2018,Financial Incentives for Smoking Abstinence in Homeless Smokers: A Pilot Randomized Controlled Trial,article,http://dx.doi.org/10.1093/ntr/ntx178
112,Tobacco Control,2018,Price elasticity of demand of non-cigarette tobacco products: a systematic review and meta-analysis,Other,http://dx.doi.org/10.1136/tobaccocontrol-2017-054056
113,Nicotine & Tobacco Research,2016,Case to Include Brand of Moist Snuff in Health Surveys,article,http://dx.doi.org/10.1093/ntr/ntw094
114,Nicotine & Tobacco Research,2021,Co-use and Mixing Tobacco With Cannabis Among Ontario Adults,article,http://dx.doi.org/10.1093/ntr/ntz238
115,Nicotine & Tobacco Research,2016,Implementation of the Tobacco-Free Campus Policy on College Campuses: Evidence From a Survey of College Students in Beijing,article,http://dx.doi.org/10.1093/ntr/ntw125
116,Nicotine & Tobacco Research,2018,Adherence to Pharmacological Smoking Cessation Interventions: A Literature Review and Synthesis of Correlates and Barriers,article,http://dx.doi.org/10.1093/ntr/ntx210
117,Tobacco Control,2020,Tracking and tracing the tobacco industry: potential tobacco industry influence over the EU’s system for tobacco traceability and security features,Research Article,http://dx.doi.org/10.1136/tobaccocontrol-2019-055094
118,Tobacco Control,2019,"Tobacco taxation, illegal cigarette supply and geography: findings from the ITC Uruguay Surveys",Research Article,http://dx.doi.org/10.1136/tobaccocontrol-2017-054218
119,Tobacco Control,2019,Use and reasons for use of electronic vapour products shaped like USB flash drives among a national sample of adults,Brief Report,http://dx.doi.org/10.1136/tobaccocontrol-2019-054932
120,Tobacco Induced Diseases,2020,Cultural and demographic correlates of dual tobacco use in a sample of Alaska Native adults who smoke cigarettes,RESEARCH PAPER,http://dx.doi.org/10.18332/tid/122902
121,Nicotine & Tobacco Research,2016,Reliability and Stability of Puff Topography Variables in Non-Daily Smokers Assessed in the Laboratory,article,http://dx.doi.org/10.1093/ntr/ntv045
122,Nicotine & Tobacco Research,2019,Marketing Influences on Perceptions of Reduced Nicotine Content Cigarettes,article,http://dx.doi.org/10.1093/ntr/ntz167
123,Tobacco Control,2020,Sensory attributes of e-cigarette flavours and nicotine as mediators of interproduct differences in appeal among young adults,Research Article,http://dx.doi.org/10.1136/tobaccocontrol-2019-055172
124,Nicotine & Tobacco Research,2018,Randomized Trial of the Effect of Youth Appealing E-Cigarette Advertising on Susceptibility to Use E-Cigarettes Among Youth,article,http://dx.doi.org/10.1093/ntr/ntx155
125,Tobacco Control,2015,Cigarette price level and variation in five Southeast Asian countries,Research Article,http://dx.doi.org/10.1136/tobaccocontrol-2013-051184
126,Tobacco Induced Diseases,2020,Electronic cigarette and moist snuff product characteristics independently associated with youth tobacco product perceptions,RESEARCH PAPER,http://dx.doi.org/10.18332/tid/125513
127,Tobacco Control,2016,The impact of tobacco expenditures on spending within Turkish households,Research Article,http://dx.doi.org/10.1136/tobaccocontrol-2014-052000
128,Nicotine & Tobacco Research,2018,Patterns and Correlates of Multiple Tobacco Product Use in the United States,article,http://dx.doi.org/10.1093/ntr/nty081
129,Nicotine & Tobacco Research,2019,Nicotinic Acetylcholine Receptor Agonists for the Treatment of Alzheimer’s Dementia: An Update,article,http://dx.doi.org/10.1093/ntr/nty116
130,Nicotine & Tobacco Research,2017,Combination Varenicline/Bupropion Treatment Benefits Highly Dependent Smokers in an Adaptive Smoking Cessation Paradigm,article,http://dx.doi.org/10.1093/ntr/ntw283
131,Nicotine & Tobacco Research,2020,Extended Nicotine Patch Treatment Among Smokers With and Without Comorbid Psychopathology,article,http://dx.doi.org/10.1093/ntr/nty191
132,Tobacco Induced Diseases,2019,Acupuncture for smoking cessation: A systematic review and meta-analysis of 24 randomized controlled trials,RESEARCH PAPER,http://dx.doi.org/10.18332/tid/109195
133,Nicotine & Tobacco Research,2016,Tobacco Pricing in Military Stores: Views of Military Policy Leaders,article,http://dx.doi.org/10.1093/ntr/ntw121
134,Tobacco Control,2019,Observed retail price of Australia’s market-leading cigarette brand before and up to 3 years after the implementation of plain packaging,Research Article,http://dx.doi.org/10.1136/tobaccocontrol-2018-054577
135,Nicotine & Tobacco Research,2017,Smoking Cessation for Pregnant Smokers: Development and Pilot Test of an Emotion Regulation Treatment Supplement to Standard Smoking Cessation for Negative Affect Smokers,article,http://dx.doi.org/10.1093/ntr/ntw398
136,Nicotine & Tobacco Research,2016,Structured Smoking Cessation Training for Medical Students: A Prospective Study,article,http://dx.doi.org/10.1093/ntr/ntw191
137,Nicotine & Tobacco Research,2016,Multifaceted Strategy to Implement Brief Smoking Cessation Counseling During Antenatal Care in Argentina and Uruguay: A Cluster Randomized Trial,article,http://dx.doi.org/10.1093/ntr/ntv276
138,Tobacco Control,2020,Adolescents’ perceptions of tobacco accessibility and smoking norms and attitudes in response to the tobacco point-of-sale display ban in Scotland: results from the DISPLAY Study,Research Article,http://dx.doi.org/10.1136/tobaccocontrol-2018-054702
139,Tobacco Induced Diseases,2021,Smoking and risk of negative outcomes among COVID-19 patients: A systematic review and meta-analysis,RESEARCH PAPER,http://dx.doi.org/10.18332/tid/132411
140,Tobacco Induced Diseases,2018,Unhealthy eating habits among adolescent waterpipe smokers in Jordan: The Irbid-TRY study,RESEARCH PAPER,http://dx.doi.org/10.18332/tid/89976
141,Nicotine & Tobacco Research,2020,Need to Account for Familial Confounding in Systematic Review and Meta-analysis of Prenatal Tobacco Smoke Exposure and Schizophrenia,article,http://dx.doi.org/10.1093/ntr/ntaa058
142,Nicotine & Tobacco Research,2017,Daily Smoking and Subjective Health Complaints in Adolescence,article,http://dx.doi.org/10.1093/ntr/ntw133
143,Tobacco Control,2019,Vaping versus JUULing: how the extraordinary growth and marketing of JUUL transformed the US retail e-cigarette market,Research Article,http://dx.doi.org/10.1136/tobaccocontrol-2018-054382
144,Tobacco Control,2020,"Population prevalence and predictors of self-reported exposure to court-ordered, tobacco-related corrective statements",Research Article,http://dx.doi.org/10.1136/tobaccocontrol-2019-055095
145,Nicotine & Tobacco Research,2020,Impact of Cannabis Use on Nicotine and Tobacco Use Outcomes,article,http://dx.doi.org/10.1093/ntr/ntaa096
146,Tobacco Control,2015,Clove cigar sales following the US flavoured cigarette ban,Research Article,http://dx.doi.org/10.1136/tobaccocontrol-2013-051415
147,Nicotine & Tobacco Research,2017,Cigarette Nicotine Content as a Moderator of the Relationship Between Negative Affect and Smoking,article,http://dx.doi.org/10.1093/ntr/ntx068
148,Nicotine & Tobacco Research,2015,Assessing and Predicting Susceptibility to Waterpipe Tobacco Use Among College Students,article,http://dx.doi.org/10.1093/ntr/ntu336
149,Nicotine & Tobacco Research,2018,Sex and Age Specific Projections of Smoking Prevalence in Spain: A Bayesian Approach,article,http://dx.doi.org/10.1093/ntr/ntx120
150,Nicotine & Tobacco Research,2016,Comorbidities and Tobacco Dependence Treatment Initiation,article,http://dx.doi.org/10.1093/ntr/ntw039
151,Nicotine & Tobacco Research,2016,Low-Cost Air Quality Monitoring Methods to Assess Compliance With Smoke-Free Regulations: A Multi-Center Study in Six Low- and Middle-Income Countries,article,http://dx.doi.org/10.1093/ntr/ntv290
152,Nicotine & Tobacco Research,2020,Use of Electronic Cigarettes and Self-Reported Chronic Obstructive Pulmonary Disease Diagnosis in Adults,article,http://dx.doi.org/10.1093/ntr/ntz234
153,Nicotine & Tobacco Research,2018,"Cigarettes, Little Cigars, and Cigarillos: Initiation, Motivation, and Decision-Making",article,http://dx.doi.org/10.1093/ntr/nty099
154,Tobacco Control,2018,Seven years of progress in tobacco control: an evaluation of the effect of nations meeting the highest level MPOWER measures between 2007 and 2014,Research Article,http://dx.doi.org/10.1136/tobaccocontrol-2016-053381
155,Nicotine & Tobacco Research,2015,Trends in Electronic Cigarette Use Among U.S. Adults: Use is Increasing in Both Smokers and Nonsmokers,article,http://dx.doi.org/10.1093/ntr/ntu213
156,Tobacco Control,2018,Do electronic cigarettes increase cigarette smoking in UK adolescents? Evidence from a 12-month prospective study,Other,http://dx.doi.org/10.1136/tobaccocontrol-2016-053539
157,Tobacco Control,2018,Telephone care co-ordination for tobacco cessation: randomised trials testing proactive versus reactive models,Other,http://dx.doi.org/10.1136/tobaccocontrol-2016-053327
158,Nicotine & Tobacco Research,2020,Biochemical Verification of Tobacco Use and Abstinence: 2019 Update,article,http://dx.doi.org/10.1093/ntr/ntz132
159,Nicotine & Tobacco Research,2017,Association of Anhedonia With Adolescent Smoking Susceptibility and Initiation,article,http://dx.doi.org/10.1093/ntr/ntw177
160,Tobacco Prevention & Cessation,2018,Shisha waterpipe use and awareness of health risks among young adults in a semi-rural underprivileged community in North West England,SHORT REPORT,http://dx.doi.org/10.18332/tpc/94507
161,Nicotine & Tobacco Research,2021,Thirdhand Smoke Contamination and Infant Nicotine Exposure in a Neonatal Intensive Care Unit: An Observational Study,article,http://dx.doi.org/10.1093/ntr/ntaa167
162,Nicotine & Tobacco Research,2019,Implementing an Evidence-based Tobacco Control Program at Five 2-1-1 Call Centers: An Evaluation Using the Consolidated Framework for Implementation Research,article,http://dx.doi.org/10.1093/ntr/ntx232
163,Nicotine & Tobacco Research,2021,"Body esteem, weight-control outcome expectancies, and e-cigarette use among young adults",article,http://dx.doi.org/10.1093/ntr/ntaa009
164,Nicotine & Tobacco Research,2017,Descriptive Report of Electronic Cigarette Use After Participation in a Community-Based Tobacco Cessation Trial,article,http://dx.doi.org/10.1093/ntr/ntx013
165,Tobacco Control,2018,"Adolescent tobacco coupon receipt, vulnerability characteristics and subsequent tobacco use: analysis of PATH Study, Waves 1 and 2",Other,http://dx.doi.org/10.1136/tobaccocontrol-2017-054141
166,Tobacco Control,2020,"Impact of smoke-free legislation on acute myocardial infarction and stroke mortality: Tianjin, China, 2007–2015",Research Article,http://dx.doi.org/10.1136/tobaccocontrol-2018-054477
167,Tobacco Prevention & Cessation,2018,"Trends in smoking and smokeless tobacco use among Danish Adolescents, 1997-2014",RESEARCH PAPER,http://dx.doi.org/10.18332/tpc/86331
168,Tobacco Control,2019,Waterpipe tobacco package warning exposure’s impact on risk perceptions and use among young adults in the USA: a longitudinal analysis of the population assessment of tobacco and health study,Research Article,http://dx.doi.org/10.1136/tobaccocontrol-2018-054562
169,Nicotine & Tobacco Research,2017,Smoking and Mental Illness: A Bibliometric Analysis of Research Output Over Time,article,http://dx.doi.org/10.1093/ntr/ntw249
170,Tobacco Control,2015,Cigarette price and other factors associated with brand choice and brand loyalty in Zambia: findings from the ITC Zambia Survey,Research Article,http://dx.doi.org/10.1136/tobaccocontrol-2014-051878
171,Tobacco Control,2020,Impact of the NHS Stop Smoking Services on smoking prevalence in England: a simulation modelling evaluation,Research Article,http://dx.doi.org/10.1136/tobaccocontrol-2018-054879
172,Nicotine & Tobacco Research,2016,Influence of the A118G Polymorphism of the OPRM1 Gene and Exon 3 VNTR Polymorphism of the DRD4 Gene on Cigarette Craving After Alcohol Administration,article,http://dx.doi.org/10.1093/ntr/ntv136
173,Nicotine & Tobacco Research,2015,Examination of the Wisconsin Inventory of Smoking Dependence Motives (WISDM-68) Factor Structure in a Sample of Pregnant Smokers,article,http://dx.doi.org/10.1093/ntr/ntu238
174,Nicotine & Tobacco Research,2015,Population Support Before and After the Implementation of Smoke-Free Laws in the United States: Trends From 1992–2007,article,http://dx.doi.org/10.1093/ntr/ntu162
175,Nicotine & Tobacco Research,2018,"National Comparison of Dual Users of Smokeless Tobacco and Cigarettes and Exclusive Cigarette Smokers, 2015–2016",article,http://dx.doi.org/10.1093/ntr/nty010
176,Nicotine & Tobacco Research,2018,Feasibility of Using Ecological Momentary Assessment to Study Unaided Smoking Cessation in Couples,article,http://dx.doi.org/10.1093/ntr/ntx240
177,Nicotine & Tobacco Research,2016,Slowing Menthol’s Progress: Differential Impact of a Tobacco Tax Increase on Cigarette Sales,article,http://dx.doi.org/10.1093/ntr/ntv262
178,Nicotine & Tobacco Research,2020,Implementing a Multifaceted Perioperative Smoking Cessation Intervention in a Large Healthcare System,article,http://dx.doi.org/10.1093/ntr/ntz050
179,Tobacco Prevention & Cessation,2021,Adherence to smoke-free policies in Ghana: Findings from a cross-sectional survey of hospitality venue owners and staff,RESEARCH PAPER,http://dx.doi.org/10.18332/tpc/131058
180,Tobacco Control,2019,Role of stakeholders in Nigeria’s tobacco control journey after the FCTC: lessons for tobacco control advocacy in low-income and middle-income countries,Other,http://dx.doi.org/10.1136/tobaccocontrol-2018-054344
181,Nicotine & Tobacco Research,2019,"Smoking, Systemic Inflammation, and Airflow Limitation: A Mendelian Randomization Analysis of 98 085 Individuals From the General Population",article,http://dx.doi.org/10.1093/ntr/nty077
182,Nicotine & Tobacco Research,2019,"Using Product Standards to Render the Most Harmful Tobacco Products Minimally Addictive: Maximum Nicotine Level, Non-Nicotine Constituents, and Scope",article,http://dx.doi.org/10.1093/ntr/ntz121
183,Nicotine & Tobacco Research,2017,Effect of Pack Warning Labels on Quitting and Related Thoughts and Behaviors in a National Cohort of Aboriginal and Torres Strait Islander Smokers,article,http://dx.doi.org/10.1093/ntr/ntw396
184,Nicotine & Tobacco Research,2020,Use of Mentholated Cigarettes and Likelihood of Smoking Cessation in the United States: A Meta-Analysis,article,http://dx.doi.org/10.1093/ntr/ntz067
185,Nicotine & Tobacco Research,2018,Nicotine-Induced Neuroprotection against Cognitive Dysfunction after Partial Hepatectomy Involves Activation of BDNF/TrkB Signaling Pathway and Inhibition of NF-κB Signaling Pathway in Aged Rats,article,http://dx.doi.org/10.1093/ntr/ntx157
186,Nicotine & Tobacco Research,2021,Evidence for a Causal Relationship Between Academic Achievement and Cigarette Smoking,article,http://dx.doi.org/10.1093/ntr/ntaa161
187,Nicotine & Tobacco Research,2017,Classification Tree Analysis as a Method for Uncovering Relations Between CHRNA5A3B4 and CHRNB3A6 in Predicting Smoking Progression in Adolescent Smokers,article,http://dx.doi.org/10.1093/ntr/ntw197
188,Nicotine & Tobacco Research,2017,Evidence of Altered Brain Responses to Nicotine in an Animal Model of Attention Deficit/Hyperactivity Disorder,article,http://dx.doi.org/10.1093/ntr/ntx088
189,Nicotine & Tobacco Research,2020,Smoke-Free Policies in the Global South,article,http://dx.doi.org/10.1093/ntr/ntaa210
190,Nicotine & Tobacco Research,2020,Urine Metabolites for Estimating Daily Intake of Nicotine From Cigarette Smoking,article,http://dx.doi.org/10.1093/ntr/ntz034
191,Nicotine & Tobacco Research,2017,HIV-1 Proteins Influence Novelty-Seeking Behavior and Alter Region-Specific Transcriptional Responses to Chronic Nicotine Treatment in HIV-1Tg Rats,article,http://dx.doi.org/10.1093/ntr/ntx047
192,Nicotine & Tobacco Research,2018,Content Analysis of US News Stories About E-Cigarettes in 2015,article,http://dx.doi.org/10.1093/ntr/ntx170
193,Nicotine & Tobacco Research,2017,Reducing Disparities in Tobacco Retailer Density by Banning Tobacco Product Sales Near Schools,article,http://dx.doi.org/10.1093/ntr/ntw185
194,Tobacco Induced Diseases,2019,Medical staff contributions to thirdhand smoke contamination in a neonatal intensive care unit,RESEARCH PAPER,http://dx.doi.org/10.18332/tid/106116
195,Tobacco Prevention & Cessation,2020,Innovative call emerging from a qualitative study for workplace designated stop-smoking area,RESEARCH PAPER,http://dx.doi.org/10.18332/tpc/115032
196,Nicotine & Tobacco Research,2020,Use of JUUL E-cigarettes Among Youth in the United States,article,http://dx.doi.org/10.1093/ntr/nty237
197,Tobacco Control,2020,Measuring waterpipe tobacco smoking in survey research,Research Article,http://dx.doi.org/10.1136/tobaccocontrol-2019-055000
198,Nicotine & Tobacco Research,2017,Perceptions of Snus Among US Adult Smokers Given Free Product,article,http://dx.doi.org/10.1093/ntr/ntw392
199,Nicotine & Tobacco Research,2019,Youth Access to Tobacco Products in the United States: Findings From Wave 1 (2013–2014) of the Population Assessment of Tobacco and Health Study,article,http://dx.doi.org/10.1093/ntr/nty238
200,Nicotine & Tobacco Research,2018,Proactive Smoking Cessation Intervention for Socioeconomically Disadvantaged Smokers: The Role of Smoking-Related Stigma,article,http://dx.doi.org/10.1093/ntr/ntx085
201,Nicotine & Tobacco Research,2017,Daily Diary Study of Joint Quit Attempts by Dual-Smoker Couples: The Role of Received and Provided Social Support,article,http://dx.doi.org/10.1093/ntr/ntx079
202,Nicotine & Tobacco Research,2021,Organizational Characteristics and Readiness for Tobacco-Free Workplace Program Implementation Moderates Changes in Clinician’s Delivery of Smoking Interventions within Behavioral Health Treatment Clinics,article,http://dx.doi.org/10.1093/ntr/ntaa163
203,Nicotine & Tobacco Research,2016,Social Disparities in Unaided Quit Attempts Among Daily Current and Former Smokers: Results From the 2010–2011 Tobacco Use Supplement to the Current Population Survey,article,http://dx.doi.org/10.1093/ntr/ntw007
204,Tobacco Control,2017,Tobacco retail outlet restrictions: health and cost impacts from multistate life-table modelling in a national population,Research Article,http://dx.doi.org/10.1136/tobaccocontrol-2015-052846
205,Nicotine & Tobacco Research,2018,Nicotine and Carbonyl Emissions From Popular Electronic Cigarette Products: Correlation to Liquid Composition and Design Characteristics,article,http://dx.doi.org/10.1093/ntr/ntw280
206,Nicotine & Tobacco Research,2018,Clinical Effectiveness of Dual Nicotine Replacement Therapy in Planned Hospital Admissions to an Epilepsy Monitoring Unit: An Irish Perspective,article,http://dx.doi.org/10.1093/ntr/ntx029
207,Nicotine & Tobacco Research,2017,Smokeless Tobacco Use Among Adolescents in Global Perspective,article,http://dx.doi.org/10.1093/ntr/ntx004
208,Nicotine & Tobacco Research,2020,"Prolonging the Reduction of Nicotine Self-Administration in Rats by Coadministering Chronic Nicotine With Amitifadine, a Triple Monoamine Reuptake Inhibitor With CYP2B6 Inhibitory Actions",article,http://dx.doi.org/10.1093/ntr/ntz054
209,Nicotine & Tobacco Research,2015,Change in Body Weight Does Not Mediate the Relationship Between Exercise and Smoking Cessation Among Weight-Concerned Women Smokers,article,http://dx.doi.org/10.1093/ntr/ntu284
210,Tobacco Control,2016,The smoking population in the USA and EU is softening not hardening,Research Article,http://dx.doi.org/10.1136/tobaccocontrol-2015-052329
211,Nicotine & Tobacco Research,2019,Systematic Review of Factors Influencing Smoking Following Release From Smoke-Free Prisons,article,http://dx.doi.org/10.1093/ntr/nty088
212,Tobacco Induced Diseases,2020,Association between persistent smoking after a diagnosis of heart failure and adverse health outcomes: A systematic review and meta-analysis,REVIEW PAPER,http://dx.doi.org/10.18332/tid/116411
213,Nicotine & Tobacco Research,2015,Effects of Nicotine and Nicotine Expectancy on Attentional Bias for Emotional Stimuli,article,http://dx.doi.org/10.1093/ntr/ntu219
214,Nicotine & Tobacco Research,2018,"Effects of 30% and 50% Cigarette Pack Graphic Warning Labels on Visual Attention, Negative Affect, Quit Intentions, and Smoking Susceptibility among Disadvantaged Populations in the United States",article,http://dx.doi.org/10.1093/ntr/ntx244
215,Nicotine & Tobacco Research,2015,Cost-Effectiveness of Nicotine Patches for Smoking Cessation in Pregnancy: A Placebo Randomized Controlled Trial (SNAP),article,http://dx.doi.org/10.1093/ntr/ntu258
216,Tobacco Induced Diseases,2020,The effect of a multidisciplinary approach for smoking cessation in patients with Crohn’s disease: Results from an observational cohort study,RESEARCH PAPER,http://dx.doi.org/10.18332/tid/119161
217,Nicotine & Tobacco Research,2015,Does Government Supervision Improve Stop-Smoking Counseling in Midwifery Practices?,article,http://dx.doi.org/10.1093/ntr/ntu190
218,Tobacco Induced Diseases,2019,The status and future directions of comprehensive tobacco control policies for the 2020 Tokyo Olympic Games: A review,REVIEW PAPER,http://dx.doi.org/10.18332/tid/105453
219,Tobacco Control,2020,How has the introduction of point-of-sale legislation affected the presence and visibility of tobacco retailing in Scotland? A longitudinal study,Research Article,http://dx.doi.org/10.1136/tobaccocontrol-2018-054543
220,Nicotine & Tobacco Research,2017,Tobacco Use and Socioeconomically Disadvantaged Groups,article,http://dx.doi.org/10.1093/ntr/ntx199
221,Nicotine & Tobacco Research,2020,"Factors Influencing Smoking Among Indigenous Adolescents Aged 10–24 Years Living in Australia, New Zealand, Canada, and the United States: A Systematic Review",article,http://dx.doi.org/10.1093/ntr/ntz219
222,Nicotine & Tobacco Research,2018,Health Care Utilization and Expenditures Attributable to Smokeless Tobacco Use Among US Adults,article,http://dx.doi.org/10.1093/ntr/ntx196
223,Nicotine & Tobacco Research,2020,Policy Makers and Consumers Should Prioritize Human Rights to Being Smoke-Free Over Either Tobacco- or Nicotine-Free: Accurate Terms and Relevant Evidence,article,http://dx.doi.org/10.1093/ntr/ntz113
224,Nicotine & Tobacco Research,2019,Addressing Ethnic Disparities in Adolescent Smoking: Is Reducing Exposure to Smoking in the Home a Key?,article,http://dx.doi.org/10.1093/ntr/nty053
225,Nicotine & Tobacco Research,2018,HIV Care Initiation: A Teachable Moment for Smoking Cessation?,article,http://dx.doi.org/10.1093/ntr/ntx218
226,Nicotine & Tobacco Research,2017,Learning From Our Failures in Smoking Cessation Research,article,http://dx.doi.org/10.1093/ntr/ntx150
227,Tobacco Control,2015,The effect of MPOWER on smoking prevalence,Research Article,http://dx.doi.org/10.1136/tobaccocontrol-2014-051834
228,Tobacco Control,2018,A new form of nicotine retailers: a systematic review of the sales and marketing practices of vape shops,Other,http://dx.doi.org/10.1136/tobaccocontrol-2017-054015
229,Tobacco Induced Diseases,2018,Source of cigarettes among youth smokers in Malaysia: Findings from the tobacco and e-cigarette survey among Malaysian school adolescents (TECMA),RESEARCH PAPER,http://dx.doi.org/10.18332/tid/96297
230,Nicotine & Tobacco Research,2020,"Anxiety Sensitivity and Distress Tolerance in Smokers: Relations With Tobacco Dependence, Withdrawal, and Quitting Success†",article,http://dx.doi.org/10.1093/ntr/ntz070
231,Nicotine & Tobacco Research,2015,“Smoker’s Paradox” in Patients Treated for Severe Injuries: Lower Risk of Mortality After Trauma Observed in Current Smokers,article,http://dx.doi.org/10.1093/ntr/ntv027
232,Nicotine & Tobacco Research,2016,General Practitioners and Dentists: A Call for Action Against Tobacco,article,http://dx.doi.org/10.1093/ntr/ntw162
233,Tobacco Control,2015,How do policy advisors and practitioners prioritise the protection of children from secondhand smoke exposure in a country with advanced tobacco control policy?,Research Article,http://dx.doi.org/10.1136/tobaccocontrol-2012-050936
234,Nicotine & Tobacco Research,2016,Transitions in Smokers’ Social Networks After Quit Attempts: A Latent Transition Analysis,article,http://dx.doi.org/10.1093/ntr/ntw173
235,Tobacco Control,2016,Tobacco imagery in video games: ratings and gamer recall,Research Article,http://dx.doi.org/10.1136/tobaccocontrol-2015-052286
236,Nicotine & Tobacco Research,2020,"Exposure to a Tobacco-Specific Carcinogen Among Adolescent Smokeless Tobacco Users in Rural California, United States",article,http://dx.doi.org/10.1093/ntr/ntz147
237,Nicotine & Tobacco Research,2020,2018 Langley Award for Basic Research on Nicotine and Tobacco: Bringing Precision Medicine to Smoking Cessation,article,http://dx.doi.org/10.1093/ntr/ntz036
238,Nicotine & Tobacco Research,2018,Acute Effects of a Dopamine D3 Receptor Preferring Agonist on Motivation for Cigarettes in Dependent and Occasional Cigarette Smokers,article,http://dx.doi.org/10.1093/ntr/ntx159
239,Tobacco Control,2015,"Economic evaluation of a hospital-initiated intervention for smokers with chronic disease, in Ontario, Canada",Research Article,http://dx.doi.org/10.1136/tobaccocontrol-2013-051483
240,Nicotine & Tobacco Research,2019,Current and Former Smokers’ Use of Electronic Cigarettes for Quitting Smoking: An Exploratory Study of Adolescents and Young Adults,article,http://dx.doi.org/10.1093/ntr/nty209
241,Nicotine & Tobacco Research,2015,Nicotine Flux: A Potentially Important Tool For Regulating Electronic Cigarettes,article,http://dx.doi.org/10.1093/ntr/ntu208
242,Tobacco Control,2015,"Assessment of secondhand smoke in international airports in Thailand, 2013",Research Article,http://dx.doi.org/10.1136/tobaccocontrol-2013-051313
243,Nicotine & Tobacco Research,2017,Perinatal Biochemical Confirmation of Smoking Status by Trimester,article,http://dx.doi.org/10.1093/ntr/ntw332
244,Nicotine & Tobacco Research,2015,"Ever Use of Nicotine and Nonnicotine Electronic Cigarettes Among High School Students in Ontario, Canada",article,http://dx.doi.org/10.1093/ntr/ntu234
245,Nicotine & Tobacco Research,2019,Acting Now Is Urgent: Commentary on Zeller,article,http://dx.doi.org/10.1093/ntr/nty202
246,Tobacco Control,2015,‘Herbal’ but potentially hazardous: an analysis of the constituents and smoke emissions of tobacco-free waterpipe products and the air quality in the cafés where they are served,Research Article,http://dx.doi.org/10.1136/tobaccocontrol-2013-051169
247,Tobacco Induced Diseases,2018,The comparative effectiveness of two brief tobacco interventions in the U.S. Air Force: Perceived harm and intentions-to-use of tobacco products,RESEARCH PAPER,http://dx.doi.org/10.18332/tid/87142
248,Nicotine & Tobacco Research,2016,Stigmatic and Sympathetic Attitudes Toward Cancer Patients Who Smoke: A Qualitative Analysis of an Online Discussion Board Forum,article,http://dx.doi.org/10.1093/ntr/ntw166
249,Nicotine & Tobacco Research,2017,Reward Processing and Smoking,article,http://dx.doi.org/10.1093/ntr/ntw303
250,Nicotine & Tobacco Research,2015,Reinforcing Effects of Nicotine in Humans and Nonhuman Primates: A Review of Intravenous Self-Administration Evidence and Future Directions for Research,article,http://dx.doi.org/10.1093/ntr/ntv002
251,Nicotine & Tobacco Research,2019,"Brief History of Innovation Based in Science: The Society for Research on Nicotine and Tobacco and Its Journal, Nicotine &amp; Tobacco Research",article,http://dx.doi.org/10.1093/ntr/nty229
252,Nicotine & Tobacco Research,2016,Effect of Survey Nonresponse on Quitline Abstinence Rates: Implications for Practice,article,http://dx.doi.org/10.1093/ntr/ntv026
253,Tobacco Control,2015,"Toxicant content, physical properties and biological activity of waterpipe tobacco smoke and its tobacco-free alternatives",Research Article,http://dx.doi.org/10.1136/tobaccocontrol-2014-051907
254,Nicotine & Tobacco Research,2015,Factors Associated With Electronic Cigarette Users’ Device Preferences and Transition From First Generation to Advanced Generation Devices,article,http://dx.doi.org/10.1093/ntr/ntv052
255,Nicotine & Tobacco Research,2016,Risk-Continuum Categorization of Product Use Among US Youth Tobacco Users,article,http://dx.doi.org/10.1093/ntr/ntw008
256,Tobacco Prevention & Cessation,2017,Re-analysing tobacco industry funded research on the effect  of plain packaging on minors in Australia: Same data but different results,RESEARCH PAPER,http://dx.doi.org/10.18332/tpc/78508
257,Tobacco Control,2016,Price-related promotions for tobacco products on Twitter,Research Article,http://dx.doi.org/10.1136/tobaccocontrol-2015-052260
258,Tobacco Control,2017,Increasing the dose of television advertising in a national antismoking media campaign: results from a randomised field trial,Research Article,http://dx.doi.org/10.1136/tobaccocontrol-2015-052517
259,Nicotine & Tobacco Research,2015,Electronic Cigarettes Are a Source of Thirdhand Exposure to Nicotine,article,http://dx.doi.org/10.1093/ntr/ntu152
260,Nicotine & Tobacco Research,2018,"Marketing Exposure Recall is Associated With Past 30-Day Single, Dual, Polytobacco Use Among US Adolescents",article,http://dx.doi.org/10.1093/ntr/nty114
261,Nicotine & Tobacco Research,2019,Cardiovascular Effects of Hookah Smoking: Potential Implications for Cardiovascular Risk,article,http://dx.doi.org/10.1093/ntr/nty065
262,Tobacco Induced Diseases,2018,Effects of a natural polyphenol on nicotine-induced pancreatic cancer cell proliferation,RESEARCH PAPER,http://dx.doi.org/10.18332/tid/95159
263,Nicotine & Tobacco Research,2017,Comparison of the Fagerström Test for Cigarette Dependence and the Heaviness of Smoking Index in the Second and Third Trimester of Pregnancy,article,http://dx.doi.org/10.1093/ntr/ntw271
264,Nicotine & Tobacco Research,2020,Tobacco Control Policies to Tackle the Problem of Adolescent Tobacco Use,article,http://dx.doi.org/10.1093/ntr/ntaa172
265,Nicotine & Tobacco Research,2020,Opioid Use and Rate of Nicotine Metabolism Among Pregnant Smokers,article,http://dx.doi.org/10.1093/ntr/ntz073
266,Nicotine & Tobacco Research,2016,Association of Cigarette Smoking With Interpersonal and Self-Directed Violence in a Large Community-Based Sample,article,http://dx.doi.org/10.1093/ntr/ntv287
267,Nicotine & Tobacco Research,2020,Changes in Cigarettes per Day and Biomarkers of Exposure Among US Adult Smokers in the Population Assessment of Tobacco and Health Study Waves 1 and 2 (2013–2015),article,http://dx.doi.org/10.1093/ntr/ntaa038
268,Nicotine & Tobacco Research,2017,Lorcaserin for Smoking Cessation and Associated Weight Gain: A Randomized 12-Week Clinical Trial,article,http://dx.doi.org/10.1093/ntr/ntw301
269,Tobacco Induced Diseases,2019,Pro-tobacco marketing and anti-tobacco campaigns aimed at vulnerable populations: A review of the literature,REVIEW PAPER,http://dx.doi.org/10.18332/tid/111397
270,Nicotine & Tobacco Research,2017,Adolescents’ Perceptions of an On-cigarette Health Warning,article,http://dx.doi.org/10.1093/ntr/ntw165
271,Nicotine & Tobacco Research,2017,Reduced Exposure to Harmful and Potentially Harmful Smoke Constituents With the Tobacco Heating System 2.1,article,http://dx.doi.org/10.1093/ntr/ntw164
272,Nicotine & Tobacco Research,2016,Investigating the Effects of Exposure to Waterpipe Smoke on Pregnancy Outcomes Using an Animal Model,article,http://dx.doi.org/10.1093/ntr/ntv275
273,Nicotine & Tobacco Research,2015,Preliminary Evaluation of a New German Translated Tobacco Quality of Life Impact Tool to Discriminate Between Healthy Current and Former Smokers and to Explore the Effect of Switching Smokers to a Reduced Toxicant Prototype Cigarette,article,http://dx.doi.org/10.1093/ntr/ntv024
274,Nicotine & Tobacco Research,2020,"Similarities and Differences Between Sexes and Countries in the Mortality Imprint of the Smoking Epidemic in 34 Low-Mortality Countries, 1950–2014",article,http://dx.doi.org/10.1093/ntr/ntz154
275,Tobacco Induced Diseases,2018,Prevalence and factor/s associated with smoking among adults in Malaysia - Findings from the National Health and Morbidity Survey (NHMS) 2015,RESEARCH PAPER,http://dx.doi.org/10.18332/tid/82190
276,Nicotine & Tobacco Research,2017,Effects of 6-Week Use of Reduced-Nicotine Content Cigarettes in Smokers With and Without Elevated Depressive Symptoms,article,http://dx.doi.org/10.1093/ntr/ntw199
277,Nicotine & Tobacco Research,2017,Prevalence and Correlates of Late Initiation of Smokeless Tobacco in US Firefighters,article,http://dx.doi.org/10.1093/ntr/ntw321
278,Tobacco Prevention & Cessation,2020,"Association of tobacco control policies with cigarette smoking among school youth aged 13–15 years in the Philippines, 2000–2015",RESEARCH PAPER,http://dx.doi.org/10.18332/tpc/122441
279,Nicotine & Tobacco Research,2015,Working to Eliminate Cancer Health Disparities from Tobacco: A Review of the National Cancer Institute’s Community Networks Program,article,http://dx.doi.org/10.1093/ntr/ntv069
280,Nicotine & Tobacco Research,2015,Systematic and Meta-Analytic Review of Research Examining the Impact of Menstrual Cycle Phase and Ovarian Hormones on Smoking and Cessation,article,http://dx.doi.org/10.1093/ntr/ntu249
281,Nicotine & Tobacco Research,2020,Relationship Between Nicotine Intake and Reward Function in Rats With Intermittent Short Versus Long Access to Nicotine,article,http://dx.doi.org/10.1093/ntr/ntz052
282,Tobacco Control,2015,Health effects associated with waterpipe smoking,Research Article,http://dx.doi.org/10.1136/tobaccocontrol-2014-051908
283,Nicotine & Tobacco Research,2016,Dynamic Role of Urban Neighborhood Effects in a Text-Messaging Adolescent Smoking Intervention,article,http://dx.doi.org/10.1093/ntr/ntv254
284,Nicotine & Tobacco Research,2019,How Much Is Too Much? Estimating Effective Price-Hikes to Affect Smoking Behavior in Vietnam,article,http://dx.doi.org/10.1093/ntr/ntz017
285,Nicotine & Tobacco Research,2020,Has the Time Come to Focus on (Young Adult) Smoking Uptake Prevention?,article,http://dx.doi.org/10.1093/ntr/ntaa078
286,Tobacco Induced Diseases,2019,"A pilot study to assess compliance and impact of health warnings on tobacco products in the Udupi district of Karnataka State, India",SHORT REPORT,http://dx.doi.org/10.18332/tid/105894
287,Nicotine & Tobacco Research,2021,Vape Shop Owners/Managers’ Opinions About FDA Regulation of E-Cigarettes,article,http://dx.doi.org/10.1093/ntr/ntaa138
288,Tobacco Control,2015,Understanding the emergence of the tobacco industry's use of the term tobacco harm reduction in order to inform public health policy,Research Article,http://dx.doi.org/10.1136/tobaccocontrol-2013-051502
289,Nicotine & Tobacco Research,2018,Tobacco Consumption and Toxicant Exposure of Cigarette Smokers Using Electronic Cigarettes,article,http://dx.doi.org/10.1093/ntr/ntw333
290,Tobacco Induced Diseases,2018,Tobacco Treatment Guideline for High Risk Groups: A pilot study in patients with Chronic Obstructive Pulmonary Disease,RESEARCH PAPER,http://dx.doi.org/10.18332/tid/85944
291,Nicotine & Tobacco Research,2016,Zonisamide Reduces Withdrawal Symptoms But Does Not Enhance Varenicline-Induced Smoking Cessation,article,http://dx.doi.org/10.1093/ntr/ntv236
292,Nicotine & Tobacco Research,2020,Implementing and Evaluating a Mentor Training to Improve Support for Early-Career Scholars in Tobacco Regulatory Science,article,http://dx.doi.org/10.1093/ntr/ntz083
293,Tobacco Control,2020,"Waterpipe (hookah) tobacco use in pregnancy: use, preferences and perceptions of flavours",Research Article,http://dx.doi.org/10.1136/tobaccocontrol-2019-054984
294,Tobacco Control,2017,Tobacco outlet density and converted versus native non-daily cigarette use in a national US sample,Research Article,http://dx.doi.org/10.1136/tobaccocontrol-2015-052487
295,Tobacco Control,2019,Receipt of tobacco direct mail/email discount coupons and trajectories of cigarette smoking behaviours in a nationally representative longitudinal cohort of US adults,Research Article,http://dx.doi.org/10.1136/tobaccocontrol-2018-054363
296,Nicotine & Tobacco Research,2019,Temporal Trends of Sources of Cigarettes Among US High School Students: 2001–2015,article,http://dx.doi.org/10.1093/ntr/nty001
297,Tobacco Control,2016,“Gone are the days of mass-media marketing plans and short term customer relationships”: tobacco industry direct mail and database marketing strategies,Research Article,http://dx.doi.org/10.1136/tobaccocontrol-2015-052314
298,Tobacco Induced Diseases,2020,E-cigarette use behaviors and device characteristics of daily exclusive e-cigarette users in Maryland: Implications for product toxicity,RESEARCH PAPER,http://dx.doi.org/10.18332/tid/128319
299,Tobacco Prevention & Cessation,2020,The package as a weapon of influence: Changes to cigarette packaging design as a function of regulatory changes in Canada,SHORT REPORT,http://dx.doi.org/10.18332/tpc/116744
